{
  "metadata": {
    "generated_time": "2025-07-08T10:19:54.286367",
    "description": "双臂机械臂仿真轨迹数据",
    "robot_config": {
      "chest_width": 380.0,
      "max_reach": 620.0,
      "arm_link_lengths": {
        "base_to_j2": 140.0,
        "j2_to_j3": 280.0,
        "j3_to_j5": 240.0,
        "j5_to_flange": 100.0
      }
    }
  },
  "left_arm_trajectory": [
    [
      0.0,
      -20.0,
      -90.0,
      -90.0,
      90.0,
      0.0
    ],
    [
      -1.0,
      -20.833333333333332,
      -91.0,
      -89.0,
      90.0,
      0.0
    ],
    [
      -2.0,
      -21.666666666666668,
      -92.0,
      -88.0,
      90.0,
      0.0
    ],
    [
      -3.0,
      -22.5,
      -93.0,
      -87.0,
      90.0,
      0.0
    ],
    [
      -4.0,
      -23.333333333333332,
      -94.0,
      -86.0,
      90.0,
      0.0
    ],
    [
      -5.0,
      -24.166666666666664,
      -95.0,
      -85.0,
      90.0,
      0.0
    ],
    [
      -6.0,
      -25.0,
      -96.0,
      -84.0,
      90.0,
      0.0
    ],
    [
      -7.0,
      -25.833333333333332,
      -97.0,
      -83.0,
      90.0,
      0.0
    ],
    [
      -8.0,
      -26.666666666666668,
      -98.0,
      -82.0,
      90.0,
      0.0
    ],
    [
      -9.0,
      -27.5,
      -99.0,
      -81.0,
      90.0,
      0.0
    ],
    [
      -10.0,
      -28.333333333333332,
      -100.0,
      -80.0,
      90.0,
      0.0
    ],
    [
      -11.0,
      -29.166666666666664,
      -101.0,
      -79.0,
      90.0,
      0.0
    ],
    [
      -12.0,
      -30.0,
      -102.0,
      -78.0,
      90.0,
      0.0
    ],
    [
      -13.0,
      -30.833333333333336,
      -103.0,
      -77.0,
      90.0,
      0.0
    ],
    [
      -14.0,
      -31.666666666666664,
      -104.0,
      -76.0,
      90.0,
      0.0
    ],
    [
      -15.0,
      -32.5,
      -105.0,
      -75.0,
      90.0,
      0.0
    ],
    [
      -16.0,
      -33.333333333333336,
      -106.0,
      -74.0,
      90.0,
      0.0
    ],
    [
      -17.0,
      -34.166666666666664,
      -107.0,
      -73.0,
      90.0,
      0.0
    ],
    [
      -18.0,
      -35.0,
      -108.0,
      -72.0,
      90.0,
      0.0
    ],
    [
      -19.0,
      -35.83333333333333,
      -109.0,
      -71.0,
      90.0,
      0.0
    ],
    [
      -20.0,
      -36.666666666666664,
      -110.0,
      -70.0,
      90.0,
      0.0
    ],
    [
      -21.0,
      -37.5,
      -111.0,
      -69.0,
      90.0,
      0.0
    ],
    [
      -22.0,
      -38.33333333333333,
      -112.0,
      -68.0,
      90.0,
      0.0
    ],
    [
      -23.0,
      -39.16666666666667,
      -113.0,
      -67.0,
      90.0,
      0.0
    ],
    [
      -24.0,
      -40.0,
      -114.0,
      -66.0,
      90.0,
      0.0
    ],
    [
      -25.0,
      -40.833333333333336,
      -115.0,
      -65.0,
      90.0,
      0.0
    ],
    [
      -26.0,
      -41.66666666666667,
      -116.0,
      -64.0,
      90.0,
      0.0
    ],
    [
      -27.0,
      -42.5,
      -117.0,
      -63.0,
      90.0,
      0.0
    ],
    [
      -28.0,
      -43.33333333333333,
      -118.0,
      -62.0,
      90.0,
      0.0
    ],
    [
      -29.0,
      -44.16666666666667,
      -119.0,
      -61.0,
      90.0,
      0.0
    ],
    [
      -30.0,
      -45.0,
      -120.0,
      -60.0,
      90.0,
      0.0
    ],
    [
      -30.0,
      -45.0,
      -120.0,
      -60.0,
      90.0,
      0.0
    ],
    [
      -30.0,
      -45.0,
      -120.0,
      -60.0,
      90.0,
      0.0
    ],
    [
      -30.0,
      -45.0,
      -120.0,
      -60.0,
      90.0,
      0.0
    ],
    [
      -30.0,
      -45.0,
      -120.0,
      -60.0,
      90.0,
      0.0
    ],
    [
      -30.0,
      -45.0,
      -120.0,
      -60.0,
      90.0,
      0.0
    ],
    [
      -30.0,
      -45.0,
      -120.0,
      -60.0,
      90.0,
      0.0
    ],
    [
      -30.0,
      -45.0,
      -120.0,
      -60.0,
      90.0,
      0.0
    ],
    [
      -30.0,
      -45.0,
      -120.0,
      -60.0,
      90.0,
      0.0
    ],
    [
      -30.0,
      -45.0,
      -120.0,
      -60.0,
      90.0,
      0.0
    ],
    [
      -30.0,
      -45.0,
      -120.0,
      -60.0,
      90.0,
      0.0
    ],
    [
      -30.0,
      -45.0,
      -120.0,
      -60.0,
      90.0,
      0.0
    ],
    [
      -30.0,
      -45.0,
      -120.0,
      -60.0,
      90.0,
      0.0
    ],
    [
      -30.0,
      -45.0,
      -120.0,
      -60.0,
      90.0,
      0.0
    ],
    [
      -30.0,
      -45.0,
      -120.0,
      -60.0,
      90.0,
      0.0
    ],
    [
      -30.0,
      -45.0,
      -120.0,
      -60.0,
      90.0,
      0.0
    ],
    [
      -30.0,
      -45.0,
      -120.0,
      -60.0,
      90.0,
      0.0
    ],
    [
      -30.0,
      -45.0,
      -120.0,
      -60.0,
      90.0,
      0.0
    ],
    [
      -30.0,
      -45.0,
      -120.0,
      -60.0,
      90.0,
      0.0
    ],
    [
      -30.0,
      -45.0,
      -120.0,
      -60.0,
      90.0,
      0.0
    ],
    [
      -30.0,
      -45.0,
      -120.0,
      -60.0,
      90.0,
      0.0
    ]
  ],