{
  "connection": {
    "status": "PASSED",
    "time": 1.041494607925415
  },
  "sdk_version": [
    "SDK:V2.0.8",
    "Robot:V3.7.8"
  ],
  "controller_ip": "192.168.58.2",
  "robot_state": "已停止",
  "robot_mode": "自动模式",
  "program_state": 1,
  "error_codes": {
    "main": 0,
    "sub": 0
  },
  "motion_done": 1,
  "joint_positions": [
    21.220582962036133,
    -18.05282211303711,
    111.19969940185547,
    -89.99695587158203,
    90.01957702636719,
    0.021537553519010544
  ],
  "joint_speeds": [
    0.0,
    0.0,
    0.021755105197485136,
    0.0,
    0.021755105197485136,
    0.0
  ],
  "tcp_pose": [
    -286.8296813964844,
    -220.7546844482422,
    -120.20865631103516,
    93.1499252319336,
    -0.020417185500264168,
    -68.80036926269531
  ]
}