{
  "connection": {
    "status": "PASSED",
    "time": 1.0251867771148682
  },
  "sdk_version": [
    "SDK:V2.0.8",
    "Robot:V3.7.8"
  ],
  "controller_ip": "192.168.58.3",
  "robot_state": "已停止",
  "robot_mode": "手动模式",
  "program_state": 1,
  "error_codes": {
    "main": 0,
    "sub": 0
  },
  "motion_done": 1,
  "joint_positions": [
    88.69121551513672,
    -0.17578125,
    84.02800750732422,
    -8.483185768127441,
    4.696056842803955,
    2.985670566558838
  ],
  "joint_speeds": [
    0.021755105197485136,
    0.0,
    0.0,
    0.0,
    -0.021755105198018043,
    0.0
  ],
  "tcp_pose": [
    196.83624267578125,
    -213.62831115722656,
    -131.447021484375,
    111.41075134277344,
    -77.46729278564453,
    66.55722045898438
  ]
}