{
  "connection": {
    "status": "PASSED",
    "time": 1.0303199291229248
  },
  "sdk_version": [
    "SDK:V2.0.8",
    "Robot:V3.7.8"
  ],
  "controller_ip": "192.168.58.2",
  "robot_state": "已停止",
  "robot_mode": "手动模式",
  "program_state": 1,
  "error_codes": {
    "main": 0,
    "sub": 0
  },
  "motion_done": 1,
  "joint_positions": [
    21.187732696533203,
    -18.066526412963867,
    111.22145080566406,
    -89.99565124511719,
    90.02284240722656,
    0.025018371641635895
  ],
  "joint_speeds": [
    0.0,
    0.0,
    -0.02175510519890622,
    0.0,
    0.0,
    0.0
  ],
  "tcp_pose": [
    -286.89349365234375,
    -220.56201171875,
    -120.15520477294922,
    93.15840911865234,
    -0.023516569286584854,
    -68.83600616455078
  ]
}