{
  "connection": {
    "status": "PASSED",
    "time": 1.0259099006652832
  },
  "sdk_version": [
    "SDK:V2.0.8",
    "Robot:V3.7.8"
  ],
  "controller_ip": "192.168.58.3",
  "robot_state": "已停止",
  "robot_mode": "手动模式",
  "program_state": 1,
  "error_codes": {
    "main": 0,
    "sub": 0
  },
  "motion_done": 1,
  "joint_positions": [
    88.627685546875,
    -0.15511390566825867,
    84.02865600585938,
    -8.490365028381348,
    4.6945343017578125,
    2.980884552001953
  ],
  "joint_speeds": [
    0.0,
    0.0,
    0.021755105197485136,
    0.0,
    0.021755105198018043,
    0.021755105198018043
  ],
  "tcp_pose": [
    196.60101318359375,
    -213.7495880126953,
    -131.53079223632812,
    111.42153930664062,
    -77.47669219970703,
    66.48371124267578
  ]
}