{
  "connection": {
    "status": "PASSED",
    "time": 1.0082838535308838
  },
  "sdk_version": [
    "SDK:V2.0.8",
    "Robot:V3.7.8"
  ],
  "controller_ip": "192.168.58.2",
  "robot_state": "已停止",
  "robot_mode": "自动模式",
  "program_state": 1,
  "error_codes": {
    "main": 0,
    "sub": 0
  },
  "motion_done": 1,
  "joint_positions": [
    21.221017837524414,
    -18.05282211303711,
    111.19991302490234,
    -89.99695587158203,
    90.0197982788086,
    0.021320004016160965
  ],
  "joint_speeds": [
    0.0,
    0.0,
    0.0,
    -0.021755105197485136,
    0.02175510519890622,
    0.021755105198019778
  ],
  "tcp_pose": [
    -286.828125,
    -220.7565155029297,
    -120.20865631103516,
    93.1499252319336,
    -0.02018800750374794,
    -68.80014038085938
  ]
}